场馆,城市,容量,上座纪录[注 1],建成年份,费用,主队,承办的大型赛事
杭州奥体中心体育场,杭州市,"80,800[1]",不详,2018年[2],25亿元[3],无,2022年亚洲运动会
广东奥林匹克体育中心,广州市,"80,012[4]",不详,2001年,12.3亿元[4],无,2001年全国运动会
广东奥林匹克体育中心,广州市,"80,012[4]",不详,2001年,12.3亿元[4],无,
广东奥林匹克体育中心,广州市,"80,012[4]",不详,2001年,12.3亿元[4],无,
广东奥林匹克体育中心,广州市,"80,012[4]",不详,2001年,12.3亿元[4],无,
广东奥林匹克体育中心,广州市,"80,012[4]",不详,2001年,12.3亿元[4],无,
广东奥林匹克体育中心,广州市,"80,012[4]",不详,2001年,12.3亿元[4],无,2009年亚洲田径锦标赛
广东奥林匹克体育中心,广州市,"80,012[4]",不详,2001年,12.3亿元[4],无,2010年亚洲运动会
国家体育场,北京市,"80,000[注 2]",89102,2008年,23亿元,无,2008年夏季奥林匹克运动会
国家体育场,北京市,"80,000[注 2]",,2008年,23亿元,无,2022年冬季奥林匹克运动会[7][8]
国家体育场,北京市,"80,000[注 2]",,2008年,23亿元,无,
国家体育场,北京市,"80,000[注 2]",,2008年,23亿元,无,
国家体育场,北京市,"80,000[注 2]",,2008年,23亿元,无,
国家体育场,北京市,"80,000[注 2]",（2008年8月23日）[6],2008年,23亿元,无,
上海体育场,上海市,"71,066[注 3][9]",46977,1997年[11],12.9亿元[11],上海申花足球俱乐部,1997年全国运动会
上海体育场,上海市,"71,066[注 3][9]",,1997年[11],12.9亿元[11],（1998年，2023年-）,钻石联赛上海站
上海体育场,上海市,"71,066[注 3][9]",,1997年[11],12.9亿元[11],上海中远足球俱乐部,2008年夏季奥林匹克运动会[12]
上海体育场,上海市,"71,066[注 3][9]",,1997年[11],12.9亿元[11],（2001年-2005年）,
上海体育场,上海市,"71,066[注 3][9]",,1997年[11],12.9亿元[11],上海上港足球俱乐部,
上海体育场,上海市,"71,066[注 3][9]",（2015年9月12日）[10],1997年[11],12.9亿元[11],（2009年-2019年）[注 4],
北京工人体育场,北京市,"68,000[13][注 5]",57056,1959年,1700万元[16],北京国安足球俱乐部,2004年亚足联亚洲杯[14]
北京工人体育场,北京市,"68,000[13][注 5]",,1959年,1700万元[16],（1996年-2005年、2009年-2019年、2023年至今）,2004年亚足联亚洲杯[14]
北京工人体育场,北京市,"68,000[13][注 5]",,1959年,1700万元[16],,2004年亚足联亚洲杯[14]
北京工人体育场,北京市,"68,000[13][注 5]",,1959年,1700万元[16],,2004年亚足联亚洲杯[14]
北京工人体育场,北京市,"68,000[13][注 5]",,1959年,1700万元[16],,2004年亚足联亚洲杯[14]
北京工人体育场,北京市,"68,000[13][注 5]",（2019年8月11日）[15],1959年,1700万元[16],,2004年亚足联亚洲杯[14]
中升梭鱼湾足球场,大连市,63671,60951,2023年,,大连英博,
中升梭鱼湾足球场,大连市,63671,,2023年,,（2023-）,
中升梭鱼湾足球场,大连市,63671,,2023年,,,
中升梭鱼湾足球场,大连市,63671,,2023年,,,
中升梭鱼湾足球场,大连市,63671,（2024年11月3日）[17],2023年,,,
南京奥体中心体育场,南京市,"61,443[18]",65769,2005年[18],21.67亿元[18],江苏苏宁足球俱乐部（2007-2019）[注 6],2005年全国运动会
南京奥体中心体育场,南京市,"61,443[18]",（2012年10月20日）[19],2005年[18],21.67亿元[18],江苏苏宁足球俱乐部（2007-2019）[注 6],2013年亚洲青年运动会
南京奥体中心体育场,南京市,"61,443[18]",,2005年[18],21.67亿元[18],江苏苏宁足球俱乐部（2007-2019）[注 6],2014年夏季青年奥林匹克运动会
大连体育中心体育场,大连市,"60,832[22]",52109,2012年[24],46亿元[注 7][25],大连人职业足球俱乐部,[26]
大连体育中心体育场,大连市,"60,832[22]",,2012年[24],46亿元[注 7][25],（2014年-2023年）,[26]
大连体育中心体育场,大连市,"60,832[22]",,2012年[24],46亿元[注 7][25],,[26]
大连体育中心体育场,大连市,"60,832[22]",,2012年[24],46亿元[注 7][25],,[26]
大连体育中心体育场,大连市,"60,832[22]",,2012年[24],46亿元[注 7][25],,[26]
大连体育中心体育场,大连市,"60,832[22]",（2019年7月27日）[23],2012年[24],46亿元[注 7][25],,[26]
厦门白鹭体育场,厦门市,60592,不详,2023年,,无,钻石联赛厦门站
厦门白鹭体育场,厦门市,60592,不详,2023年,,无,
厦门白鹭体育场,厦门市,60592,不详,2023年,,无,
厦门白鹭体育场,厦门市,60592,不详,2023年,,无,
厦门白鹭体育场,厦门市,60592,不详,2023年,,无,
厦门白鹭体育场,厦门市,60592,不详,2023年,,无,2027年亚洲田径锦标赛
深圳大运中心体育场,深圳市,"60,334[27]",39998,2010年[27],35亿元[注 7][29],深圳足球俱乐部,2011年世界大学生夏季运动会
深圳大运中心体育场,深圳市,"60,334[27]",（2017年7月22日）[28],2010年[27],35亿元[注 7][29],（2019年至今）,2011年世界大学生夏季运动会
西安奥体中心体育场,西安市,"60,033[30]",不详,2019年[30],25亿元[31],无,2021年全国运动会
山西体育中心体育场,太原市,"60,016[32]",不详,2012年[32],7.62亿元[32],无,2019年全国青年运动会
沈阳奥体中心体育场,沈阳市,"60,000[33]",47000,2007年[35],19.7亿元[36],沈阳东进足球俱乐部,2008年夏季奥林匹克运动会
沈阳奥体中心体育场,沈阳市,"60,000[33]",,2007年[35],19.7亿元[36],（2009年-2011年）,2013年全国运动会
沈阳奥体中心体育场,沈阳市,"60,000[33]",,2007年[35],19.7亿元[36],辽宁足球俱乐部,
沈阳奥体中心体育场,沈阳市,"60,000[33]",,2007年[35],19.7亿元[36],（2016-2019）,
沈阳奥体中心体育场,沈阳市,"60,000[33]",,2007年[35],19.7亿元[36],,
沈阳奥体中心体育场,沈阳市,"60,000[33]",（2017年7月4日）[34],2007年[35],19.7亿元[36],,
合肥体育中心体育场,合肥市,"60,000[37]",17000,2006年[39],15亿元[37],安徽九方足球俱乐部,2006年安徽省运动会
合肥体育中心体育场,合肥市,"60,000[37]",,2006年[39],15亿元[37],（2010年）,2006年安徽省运动会
合肥体育中心体育场,合肥市,"60,000[37]",,2006年[39],15亿元[37],安徽力天足球俱乐部,2006年安徽省运动会
合肥体育中心体育场,合肥市,"60,000[37]",,2006年[39],15亿元[37],（2014年-2015年）,2006年安徽省运动会
合肥体育中心体育场,合肥市,"60,000[37]",,2006年[39],15亿元[37],合肥桂冠足球俱乐部,2006年安徽省运动会
合肥体育中心体育场,合肥市,"60,000[37]",（2013年6月15日）[38],2006年[39],15亿元[37],（2016年-2018年）,2006年安徽省运动会
河北奥体中心体育场,石家庄市,"60,000[40]",35613,2015年[42],10.09亿元[40],石家庄永昌足球俱乐部,暂无
河北奥体中心体育场,石家庄市,"60,000[40]",,2015年[42],10.09亿元[40],-2019,暂无
河北奥体中心体育场,石家庄市,"60,000[40]",,2015年[42],10.09亿元[40],,暂无
河北奥体中心体育场,石家庄市,"60,000[40]",,2015年[42],10.09亿元[40],,暂无
河北奥体中心体育场,石家庄市,"60,000[40]",（2019年11月2日）[41],2015年[42],10.09亿元[40],,暂无
青岛市民健身中心体育场,青岛市,"60,000[43]",不详,2018年[43],27.92亿元[注 7][44],无,2018年山东省运动会
西安国际足球中心,西安市,60000,,2023年,,,
洛阳市奥林匹克体育中心,洛阳市,59795,,2022年,,,
福州海峡奥林匹克体育中心,福州市,"59,562[45]",2768,2015年[47],30亿元[注 7][48],福建天信足球俱乐部,2015年全国青年运动会
福州海峡奥林匹克体育中心,福州市,"59,562[45]",,2015年[47],30亿元[注 7][48],（2018年）[注 8],2015年全国青年运动会
福州海峡奥林匹克体育中心,福州市,"59,562[45]",,2015年[47],30亿元[注 7][48],,2015年全国青年运动会
福州海峡奥林匹克体育中心,福州市,"59,562[45]",,2015年[47],30亿元[注 7][48],,2015年全国青年运动会
福州海峡奥林匹克体育中心,福州市,"59,562[45]",,2015年[47],30亿元[注 7][48],,2015年全国青年运动会
福州海峡奥林匹克体育中心,福州市,"59,562[45]",（2017年8月4日）[46],2015年[47],30亿元[注 7][48],,2015年全国青年运动会
郑州奥体中心体育场,郑州市,"58,763[50]",不详,2019年[50],25亿元[注 7][51],无,2019年全国民运会
重庆奥体中心体育场,重庆市,"58,680[52]",49560,2004年[52],6.9亿元[52],重庆两江竞技足球俱乐部,2004年亚足联亚洲杯
重庆奥体中心体育场,重庆市,"58,680[52]",,2004年[52],6.9亿元[52],（2009年-2010年、2014年至今）,2004年亚足联亚洲杯
重庆奥体中心体育场,重庆市,"58,680[52]",,2004年[52],6.9亿元[52],重庆足球俱乐部,2004年亚足联亚洲杯
重庆奥体中心体育场,重庆市,"58,680[52]",,2004年[52],6.9亿元[52],（2011年-2013年）[注 9],2004年亚足联亚洲杯
重庆奥体中心体育场,重庆市,"58,680[52]",（2017年2月25日）[53],2004年[52],6.9亿元[52],,2004年亚足联亚洲杯
广西体育中心体育场,南宁市,"58,547[55]",41016,2010年[55],30.18亿元[注 7][57],广西龙桂达足球俱乐部,2017-2019年中国杯国际足球锦标赛[注 10]
广西体育中心体育场,南宁市,"58,547[55]",,2010年[55],30.18亿元[注 7][57],（2014年至今）,2023年全国青年运动会（计划）[59]
广西体育中心体育场,南宁市,"58,547[55]",,2010年[55],30.18亿元[注 7][57],,
广西体育中心体育场,南宁市,"58,547[55]",,2010年[55],30.18亿元[注 7][57],,
广西体育中心体育场,南宁市,"58,547[55]",（2018年3月27日）[56],2010年[55],30.18亿元[注 7][57],,
鄂尔多斯体育中心体育场,鄂尔多斯市,"58,451[60]",不详,2015年[60],38.81亿元[注 7][61],无,2015年全国民运会
南昌国体中心体育场,南昌市,"58,235[62]",不详,2011年[63],5.46亿元[62],无,2011年全国城市运动会
重庆龙兴足球场,重庆市,58004,,2023年,,,
临沂奥体公园体育馆,临沂市,57079,,2023年,,,
兰州奥体中心体育场,兰州市,"56,908[64]",,2022年[64],54亿元[注 7][64],,2022年甘肃省运动会[64]
济南奥体中心体育场,济南市,"56,808[65]",50000,2007年[65],4.86亿元[67],山东泰山足球俱乐部,2009年全国运动会[68]
济南奥体中心体育场,济南市,"56,808[65]",,2007年[65],4.86亿元[67],（2013年至今）,2009年全国运动会[68]
济南奥体中心体育场,济南市,"56,808[65]",,2007年[65],4.86亿元[67],,2009年全国运动会[68]
济南奥体中心体育场,济南市,"56,808[65]",,2007年[65],4.86亿元[67],,2009年全国运动会[68]
济南奥体中心体育场,济南市,"56,808[65]",（2009年10月25日）[66],2007年[65],4.86亿元[67],,2009年全国运动会[68]
武汉体育中心体育场,武汉市,"56,201[69]",54000,2002年[71],6.3亿元[72],武汉卓尔足球俱乐部,2018年国际足联世界杯预选赛亚洲区12强赛
武汉体育中心体育场,武汉市,"56,201[69]",,2002年[71],6.3亿元[72],（2017年）,2019年世界军人运动会
武汉体育中心体育场,武汉市,"56,201[69]",,2002年[71],6.3亿元[72],武汉三镇足球俱乐部,
武汉体育中心体育场,武汉市,"56,201[69]",,2002年[71],6.3亿元[72],（2022年至今）,
武汉体育中心体育场,武汉市,"56,201[69]",,2002年[71],6.3亿元[72],,
武汉体育中心体育场,武汉市,"56,201[69]",（2007年9月15日）[70],2002年[71],6.3亿元[72],,
长沙市天心区劳动西路299号贺龙体育馆,长沙市,"55,000[73]",31621,2003年[75],12亿元[注 7][76],长沙金德足球俱乐部,2005年全国城市运动会
长沙市天心区劳动西路299号贺龙体育馆,长沙市,"55,000[73]",,2003年[75],12亿元[注 7][76],（2007年-2010年）,2018年国际足联世界杯预选赛亚洲区12强赛
长沙市天心区劳动西路299号贺龙体育馆,长沙市,"55,000[73]",,2003年[75],12亿元[注 7][76],湖南湘涛足球俱乐部,
长沙市天心区劳动西路299号贺龙体育馆,长沙市,"55,000[73]",,2003年[75],12亿元[注 7][76],（2010年、2013-2015年）[注 11],
长沙市天心区劳动西路299号贺龙体育馆,长沙市,"55,000[73]",（2013年3月22日）[74],2003年[75],12亿元[注 7][76],,
天河体育中心体育场,广州市,"54,856[78]",56300,1987年[80],3亿元[80],广州恒大淘宝足球俱乐部,2010年亚洲运动会
天河体育中心体育场,广州市,"54,856[78]",,1987年[80],3亿元[80],（2005年、2011年-2019年）[注 12],2018年国际足联世界杯预选赛亚洲区12强赛
天河体育中心体育场,广州市,"54,856[78]",,1987年[80],3亿元[80],,
天河体育中心体育场,广州市,"54,856[78]",,1987年[80],3亿元[80],,
天河体育中心体育场,广州市,"54,856[78]",（2013年8月25日）[79],1987年[80],3亿元[80],,
天津奥体中心体育场,天津市,"54,696[85]",56208,2007年[87],15亿元[注 7][88],天津津门虎足球俱乐部,2008年夏季奥林匹克运动会
天津奥体中心体育场,天津市,"54,696[85]",,2007年[87],15亿元[注 7][88],（2010年至今）,2017年全国运动会[90]
天津奥体中心体育场,天津市,"54,696[85]",,2007年[87],15亿元[注 7][88],天津权健足球俱乐部,
天津奥体中心体育场,天津市,"54,696[85]",,2007年[87],15亿元[注 7][88],（2018年）[注 13],
天津奥体中心体育场,天津市,"54,696[85]",,2007年[87],15亿元[注 7][88],天津天海足球俱乐部,
天津奥体中心体育场,天津市,"54,696[85]",（2007年9月20日）[86],2007年[87],15亿元[注 7][88],（2019年）,
青岛青春足球场,青岛市,52800,,2023年,22.5亿,青岛海牛足球俱乐部,
青岛青春足球场,青岛市,52800,,2023年,22.5亿,,
青岛青春足球场,青岛市,52800,,2023年,22.5亿,,
青岛青春足球场,青岛市,52800,,2023年,22.5亿,,
青岛青春足球场,青岛市,52800,,2023年,22.5亿,,
青岛青春足球场,青岛市,52800,,2023年,22.5亿,（2023年至今）,
黄龙体育中心体育场,杭州市,"52,672[91]",43817,2000年[93],8亿[93],浙江职业足球俱乐部,2007年国际足联女子世界杯
黄龙体育中心体育场,杭州市,"52,672[91]",（2007年9月20日）[92],2000年[93],8亿[93],（2001年-2019年）[注 14],2022年亚洲运动会（计划）
贵阳奥体中心体育场,贵阳市,"51,636[95]",52888,2011年[97],8.82亿[97],贵州人和足球俱乐部,2011年全国民运会
贵阳奥体中心体育场,贵阳市,"51,636[95]",,2011年[97],8.82亿[97],（2012年-2015年）,2011年全国民运会
贵阳奥体中心体育场,贵阳市,"51,636[95]",,2011年[97],8.82亿[97],贵州恒丰智诚足球俱乐部,2011年全国民运会
贵阳奥体中心体育场,贵阳市,"51,636[95]",,2011年[97],8.82亿[97],（2015年-2019年）,2011年全国民运会
贵阳奥体中心体育场,贵阳市,"51,636[95]",,2011年[97],8.82亿[97],,2011年全国民运会
贵阳奥体中心体育场,贵阳市,"51,636[95]",（2012年8月4日）[96],2011年[97],8.82亿[97],,2011年全国民运会
呼和浩特体育场,呼和浩特市,"51,632[98]",38479,2007年[98],6亿[98],内蒙古中优足球俱乐部,无
呼和浩特体育场,呼和浩特市,"51,632[98]",,2007年[98],6亿[98],（2015年-2019年）,无
呼和浩特体育场,呼和浩特市,"51,632[98]",,2007年[98],6亿[98],,无
呼和浩特体育场,呼和浩特市,"51,632[98]",,2007年[98],6亿[98],,无
呼和浩特体育场,呼和浩特市,"51,632[98]",,2007年[98],6亿[98],,无
呼和浩特体育场,呼和浩特市,"51,632[98]",（2015年8月29日）[99],2007年[98],6亿[98],,无
凤凰山体育公园专业足球场[注 15],成都市,"50,695[101]",,2022年[102],40.5亿元[注 7][101],成都蓉城足球俱乐部,[103]
江西奥体中心体育场,南昌市,"50,000[104]",23108,2011年[104],11.5亿[106],江西联盛足球俱乐部,2011年全国城市运动会
江西奥体中心体育场,南昌市,"50,000[104]",,2011年[104],11.5亿[106],（2012年-2015年，2017年）,2011年全国城市运动会
江西奥体中心体育场,南昌市,"50,000[104]",,2011年[104],11.5亿[106],,2011年全国城市运动会
江西奥体中心体育场,南昌市,"50,000[104]",,2011年[104],11.5亿[106],,2011年全国城市运动会
江西奥体中心体育场,南昌市,"50,000[104]",（2015年5月13日）[105],2011年[104],11.5亿[106],,2011年全国城市运动会
温州奥体中心体育场,温州市,"50,000[107]",,2021年[107],10.03亿元[107],,2022年亚洲运动会[107]
张家口奥林匹克体育中心(建设中),张家口市,"50,000[108]",,2022年[109],20亿元[注 7][108],,2022年冬季奥林匹克运动会[109]
河南省体育场馆中心,郑州市,"48,000[110]",不详,2002年[111],3.5亿元[110],河南建业足球俱乐部,2002年河南省第九届运动会
河南省体育场馆中心,郑州市,"48,000[110]",不详,2002年[111],3.5亿元[110],（2004年）[112],2002年河南省第九届运动会
哈尔滨会展中心体育场,哈尔滨市,"48,000[113]",40678,2005年[115],18亿元[注 7][116],哈尔滨毅腾足球俱乐部,2009年冬季世界大学生运动会
哈尔滨会展中心体育场,哈尔滨市,"48,000[113]",（2014年7月30日）[114],2005年[115],18亿元[注 7][116],（2011年-2015年）,2009年冬季世界大学生运动会
哈尔滨会展中心体育场,哈尔滨市,"48,000[113]",,2005年[115],18亿元[注 7][116],黑龙江冰城足球俱乐部,2009年冬季世界大学生运动会
哈尔滨会展中心体育场,哈尔滨市,"48,000[113]",,2005年[115],18亿元[注 7][116],（2016年至今）,2009年冬季世界大学生运动会
深圳体育场,深圳市,45000,,1993年,,,
泰达足球场,天津市,45000,,2004年,,,
青岛国信体育场,青岛市,"45,000[注 16]",50000,1999年[119],2.56亿[119],青岛中能足球俱乐部,无
青岛国信体育场,青岛市,"45,000[注 16]",,1999年[119],2.56亿[119],（2000年-2006年）,无
青岛国信体育场,青岛市,"45,000[注 16]",,1999年[119],2.56亿[119],青岛黄海足球俱乐部,无
青岛国信体育场,青岛市,"45,000[注 16]",,1999年[119],2.56亿[119],（2014年-2019年）,无
青岛国信体育场,青岛市,"45,000[注 16]",,1999年[119],2.56亿[119],,无
青岛国信体育场,青岛市,"45,000[注 16]",,1999年[119],2.56亿[119],,无
青岛国信体育场,青岛市,"45,000[注 16]",,1999年[119],2.56亿[119],,无
青岛国信体育场,青岛市,"45,000[注 16]",,1999年[119],2.56亿[119],,无
青岛国信体育场,青岛市,"45,000[注 16]",,1999年[119],2.56亿[119],,无
青岛国信体育场,青岛市,"45,000[注 16]",,1999年[119],2.56亿[119],,无
青岛国信体育场,青岛市,"45,000[注 16]",（2002年11月16日）[118],1999年[119],2.56亿[119],,无
芜湖奥体中心体育场,芜湖市,"45,000[120]",不详,2002年[120],6.7亿元[注 7][120],无[注 17],2002年安徽省运动会
潍坊市奥体中心-体育场(西门),潍坊市,"45,000[121]",28755,2009年[121],6.6亿元[123],无,2009年全国运动会
潍坊市奥体中心-体育场(西门),潍坊市,"45,000[121]",,2009年[121],6.6亿元[123],无,2009年全国运动会
潍坊市奥体中心-体育场(西门),潍坊市,"45,000[121]",（2019年7月28日）[122],2009年[121],6.6亿元[123],无,2009年全国运动会
淄博体育中心体育场,淄博市,"45,000[124]",16100,2009年[124],10亿元[注 7][124],淄博蹴鞠足球俱乐部（2017至今）,2009年全国运动会
淄博体育中心体育场,淄博市,"45,000[124]",（2019年9月7日）[125],2009年[124],10亿元[注 7][124],淄博蹴鞠足球俱乐部（2017至今）,2009年全国运动会
昆山足球场,昆山市,45000,,2023年,,,
宝安体育场,深圳市,"44,050[126]",40462,2011年[127],8.69亿元[128],深圳市足球俱乐部,2011年世界大学生夏季运动会
宝安体育场,深圳市,"44,050[126]",,2011年[127],8.69亿元[128],（2012年-2014年）,2011年世界大学生夏季运动会
宝安体育场,深圳市,"44,050[126]",,2011年[127],8.69亿元[128],,2011年世界大学生夏季运动会
宝安体育场,深圳市,"44,050[126]",,2011年[127],8.69亿元[128],,2011年世界大学生夏季运动会
宝安体育场,深圳市,"44,050[126]",（2011年8月21日）[126],2011年[127],8.69亿元[128],,2011年世界大学生夏季运动会
陕西省体育场,西安市,"43,000[注 18]",48869,1954年[131],2.5亿[132],陕西长安竞技足球俱乐部,1999年全国城市运动会
陕西省体育场,西安市,"43,000[注 18]",,1954年[131],2.5亿[132],（2017年-2018年）,2018年国际足联世界杯预选赛亚洲区12强赛
陕西省体育场,西安市,"43,000[注 18]",,1954年[131],2.5亿[132],陕西老城根足球俱乐部,2021年全国运动会
陕西省体育场,西安市,"43,000[注 18]",,1954年[131],2.5亿[132],（2012年-2013年）,
陕西省体育场,西安市,"43,000[注 18]",（2018年10月27日）[130],1954年[131],2.5亿[132],陕西大秦足球俱乐部,
陕西省体育场,西安市,"43,000[注 18]",,1954年[131],2.5亿[132],（2012年）,
陕西省体育场,西安市,"43,000[注 18]",,1954年[131],2.5亿[132],陕西宝荣浐灞足球俱乐部,
陕西省体育场,西安市,"43,000[注 18]",,1954年[131],2.5亿[132],（2006年-2011年）,
陕西省体育场,西安市,"43,000[注 18]",,1954年[131],2.5亿[132],陕西国力足球俱乐部,
陕西省体育场,西安市,"43,000[注 18]",,1954年[131],2.5亿[132],（1999年-2004年）,
锦州滨海体育中心体育场,锦州市,"43,000[133]",不详,2017年[134],12.8亿元[134],无,无
洛阳新区体育中心体育场,洛阳市,"43,000[135]",不详,2007年[135],1.5亿元[136],无,无
娄底市体育中心体育场,娄底市,"42,760[137]",不详,2011年[138],7.5亿元[注 7][138],无,无
株洲市体育中心体育场,株洲市,"42,740[139]",不详,2006年[139],6亿元[139],无,2006年湖南省运动会
新疆体育中心体育场,乌鲁木齐市,"42,300[140]",60000,2005年[140],2.3亿元[142],新疆体彩足球俱乐部,无
新疆体育中心体育场,乌鲁木齐市,"42,300[140]",（2012年6月11日）[141],2005年[140],2.3亿元[142],（2006年-2008年）,无
新疆体育中心体育场,乌鲁木齐市,"42,300[140]",,2005年[140],2.3亿元[142],新疆君悦海棠足球俱乐部,无
新疆体育中心体育场,乌鲁木齐市,"42,300[140]",,2005年[140],2.3亿元[142],（2012年）,无
新疆体育中心体育场,乌鲁木齐市,"42,300[140]",,2005年[140],2.3亿元[142],新疆天山雪豹足球俱乐部（2014年-2017年，2019年至今）,无
拓东体育场,昆明市,"42,000[143]",30000,1942年[143],1.26亿元[143],无,2018年国际足联世界杯预选赛亚洲区12强赛
拓东体育场,昆明市,"42,000[143]",（2003年7月29日）[144],1942年[143],1.26亿元[143],无,2018年国际足联世界杯预选赛亚洲区12强赛
长春体育场,长春市,"41,638[145]",不详,2004年[145],1.3亿元[145],长春亚泰足球俱乐部,无
五源河体育场,海口市,"41,424[146]",不详,2018年[147],10.6亿[147],无,无
淮南奥体中心体育场,淮南市,"41,080[148]",不详,2019年[148],10.22亿[148],无,无
常州奥体中心体育场,常州市,"41,000[149]",30706,2008年[151],14亿元[注 7][151],无[注 19],无
常州奥体中心体育场,常州市,"41,000[149]",,2008年[151],14亿元[注 7][151],无[注 19],无
常州奥体中心体育场,常州市,"41,000[149]",,2008年[151],14亿元[注 7][151],无[注 19],无
常州奥体中心体育场,常州市,"41,000[149]",,2008年[151],14亿元[注 7][151],无[注 19],无
常州奥体中心体育场,常州市,"41,000[149]",（2016年7月27日）[150],2008年[151],14亿元[注 7][151],无[注 19],无
苏州奥林匹克体育中心体育场,苏州市,"40,933[152]",25132,2018年[152],48亿元[注 7][154],苏州东吴足球俱乐部（2019）,无
苏州奥林匹克体育中心体育场,苏州市,"40,933[152]",,2018年[152],48亿元[注 7][154],苏州东吴足球俱乐部（2019）,无
苏州奥林匹克体育中心体育场,苏州市,"40,933[152]",,2018年[152],48亿元[注 7][154],苏州东吴足球俱乐部（2019）,无
苏州奥林匹克体育中心体育场,苏州市,"40,933[152]",,2018年[152],48亿元[注 7][154],苏州东吴足球俱乐部（2019）,无
苏州奥林匹克体育中心体育场,苏州市,"40,933[152]",,2018年[152],48亿元[注 7][154],苏州东吴足球俱乐部（2019）,无
苏州奥林匹克体育中心体育场,苏州市,"40,933[152]",（2019年2月23日）[153],2018年[152],48亿元[注 7][154],苏州东吴足球俱乐部（2019）,无
包头奥体中心体育场,包头市,"40,545[155]",22860,2010年[157],11.4亿元[注 7][157],内蒙古草上飞足球俱乐部（2015年至今）,2011年全国中学生运动会
包头奥体中心体育场,包头市,"40,545[155]",,2010年[157],11.4亿元[注 7][157],内蒙古草上飞足球俱乐部（2015年至今）,2011年全国中学生运动会
包头奥体中心体育场,包头市,"40,545[155]",,2010年[157],11.4亿元[注 7][157],内蒙古草上飞足球俱乐部（2015年至今）,2011年全国中学生运动会
包头奥体中心体育场,包头市,"40,545[155]",,2010年[157],11.4亿元[注 7][157],内蒙古草上飞足球俱乐部（2015年至今）,2011年全国中学生运动会
包头奥体中心体育场,包头市,"40,545[155]",,2010年[157],11.4亿元[注 7][157],内蒙古草上飞足球俱乐部（2015年至今）,2011年全国中学生运动会
包头奥体中心体育场,包头市,"40,545[155]",（2015年3月21日）[156],2010年[157],11.4亿元[注 7][157],内蒙古草上飞足球俱乐部（2015年至今）,2011年全国中学生运动会
东胜区体育中心,鄂尔多斯市,"40,000[注 20][158]",不详,2011年[158],16亿元[158],无,2015年全国民运会
珠海体育中心体育场,珠海市,"40,000[159]",不详,1998年[160],1.26亿元[159],珠海中邦足球俱乐部（2003-2004）,1998年广东省运动会
珠海体育中心体育场,珠海市,"40,000[159]",不详,1998年[160],1.26亿元[159],珠海琴澳足球俱乐部（2021-2023）,2022年国际足联世界杯预选赛暨2023年亚洲杯预选赛[注 21]
台州体育中心体育场,台州市,"40,000[161]",不详,1998年[162],10亿元[注 7][163],无,2006年浙江省运动会
烟台体育公园体育场,烟台市,"40,000[164]",不详,2002年[165],4.2亿元[165],无,无
惠州奥林匹克体育场,惠州市,"40,000[166]",30000,2010年[166],6.3亿元[166],深圳红钻足球俱乐部（2011）[注 22],2010年广东省运动会
惠州奥林匹克体育场,惠州市,"40,000[166]",（2012年12月29日）[167],2010年[166],6.3亿元[166],惠州惠新足球俱乐部（2018-2019）,2010年广东省运动会
鞍山奥体中心体育场,鞍山市,"40,000[168]",32000,2013年[168],20亿元[注 7][168],无,2013年全国运动会
鞍山奥体中心体育场,鞍山市,"40,000[168]",（2014年9月4日）[169],2013年[168],20亿元[注 7][168],无,2013年全国运动会
西宁海湖体育中心体育场,西宁市,"40,000[170]",不详,2013年[170],14.16亿元[注 7][170],青海庄伯足球俱乐部,无
西宁海湖体育中心体育场,西宁市,"40,000[170]",不详,2013年[170],14.16亿元[注 7][170],（2017年）,无
安庆体育中心体育场,安庆市,"40,000[171]",不详,2014年[172],12亿元[注 7][171],无,2014年安徽省运动会
湛江奥体中心体育场,湛江市,"40,000[173]",不详,2015年[173],18亿元[注 7][174],无,2015年广东省运动会
中国轻纺城体育中心体育场,绍兴市,"40,000[175]",11258,2014年[175],18亿元[注 7][175],浙江毅腾足球俱乐部,无
中国轻纺城体育中心体育场,绍兴市,"40,000[175]",（2017年5月13日）[176],2014年[175],18亿元[注 7][175],（2016年-2019年）,无
宜昌奥体中心体育场,宜昌市,"40,000[177]",不详,2019年[177],23.35亿元[注 7][177],无,2022年浙江省运动会（计划）
东安湖体育公园,成都市,"40,000[178]",,2021年[179],15.60亿元[180],,2021年夏季世界大学生运动会
成都体育中心,成都市,"39,225[181]",60000,1991年[183],不详,四川全兴足球俱乐部,2007年国际足联女子世界杯
成都体育中心,成都市,"39,225[181]",（1995年11月19日）[182],1991年[183],不详,（1993年-2003年）,2000年全国大学生运动会
成都体育中心,成都市,"39,225[181]",,1991年[183],不详,成都谢菲联足球俱乐部,
成都体育中心,成都市,"39,225[181]",,1991年[183],不详,（1996年-2011年）[注 23],
广州大学城体育中心体育场,广州市,"37,784[187]",不详,2007年[188],4.7亿[188],无,2008年全国大学生运动会
广州大学城体育中心体育场,广州市,"37,784[187]",不详,2007年[188],4.7亿[188],无,
广州大学城体育中心体育场,广州市,"37,784[187]",不详,2007年[188],4.7亿[188],无,
广州大学城体育中心体育场,广州市,"37,784[187]",不详,2007年[188],4.7亿[188],无,
广州大学城体育中心体育场,广州市,"37,784[187]",不详,2007年[188],4.7亿[188],无,
广州大学城体育中心体育场,广州市,"37,784[187]",不详,2007年[188],4.7亿[188],无,2010年亚洲运动会
浦东足球场,上海市,37000,,2021年,,上海海港足球俱乐部,
广州足球公园,广州市,"74,707[189]",2020年[189],2025年[189],120亿元[注 1][189],,暂缺
济南黄河体育中心,济南市,61571,2022年,2025年,,,暂缺
杭州国际体育中心,杭州市,60000,2022年,2025年,,,暂缺
四维国际文化体育运动中心,沈阳市,60000,2022年,2025年,,,暂缺
南京国际文体小镇,南京市,60000,2022年,2025年,,,暂缺
临空港大道五环体育中心(公交站),武汉市,60000,2021年,2025年,,,
